{
  "checkpoint_step": 100020,
  "eval_reward_mean": -1.870782807469368,
  "eval_reward_std": 5.8155709779643185,
  "attention_uniformity": 0.9874709376454917,
  "episode_rewards": [
    -7.421902298927307,
    -13.82544606924057,
    2.0124387741088867,
    10.741472601890564,
    -4.411019265651703,
    -0.16809195280075073,
    -2.2818270921707153,
    -2.4404534697532654,
    -0.7264662384986877,
    -0.8107955455780029,
    -1.2678313851356506,
    -8.321887910366058,
    8.237368106842041,
    -0.8717593550682068,
    -2.6032910346984863,
    -12.18091082572937,
    -0.8051920533180237,
    -0.46524345874786377,
    -5.070249319076538,
    5.265431642532349
  ],
  "episode_wind_directions": [
    258.9981191553694,
    187.8795582550194,
    226.46035345909914,
    275.1284061306365,
    193.90082277811376,
    315.6603870815294,
    287.23922820528117,
    286.7791068305518,
    330.06048022504484,
    235.28490494197322,
    283.36073321435254,
    309.4039176781862,
    273.3443947589317,
    336.7162101089414,
    183.04250660615577,
    264.29615427916235,
    338.37004966153876,
    328.69191027579035,
    184.88635054110082,
    318.94841127460796
  ]
}