{
  "test_layout": {
    "mean_return": 114.18115234375,
    "std_return": 23.342119216918945,
    "mean_power": null,
    "mean_length": 497.0,
    "n_turbines": 2,
    "episode_returns": [
      93.96104431152344,
      135.57090759277344,
      133.904296875,
      64.99662780761719,
      129.61854553222656,
      131.30624389648438,
      96.13382720947266,
      98.25616455078125,
      139.56918334960938,
      118.49458312988281
    ],
    "episode_lengths": [
      497,
      497,
      497,
      497,
      497,
      497,
      497,
      497,
      497,
      497
    ],
    "attention_analysis": {
      "upwind_attention_mean": 0.03162146732211113,
      "upwind_attention_std": 0.10819224268198013,
      "downwind_attention_mean": 0.9477449655532837,
      "downwind_attention_std": 0.11852600425481796,
      "crosswind_attention_mean": 0,
      "crosswind_attention_std": 0,
      "n_upwind": 1491,
      "n_downwind": 1491,
      "n_crosswind": 0,
      "upwind_downwind_ratio": 0.033364955335855484
    }
  }
}