{
  "steps": [
    25002,
    50004,
    75000,
    100002,
    100008
  ],
  "upwind_mean": [
    0.20879414677619934,
    0.14082591235637665,
    0.1004503145813942,
    0.12910234928131104,
    0.15713341534137726
  ],
  "downwind_mean": [
    0.29080167412757874,
    0.3550262749195099,
    0.3790610432624817,
    0.2912282347679138,
    0.28893303871154785
  ],
  "ratio": [
    0.7179949879646301,
    0.3966633379459381,
    0.2649977207183838,
    0.4433029890060425,
    0.543840229511261
  ],
  "mean_reward": [
    -1.921267032623291,
    9.333086967468262,
    12.034088134765625,
    17.170045852661133,
    15.900712013244629
  ]
}