{
  "n_samples": 1600,
  "n_bins": 2,
  "binned_results": {
    "2": {
      "label": "180\u00b0-270\u00b0 (SW)",
      "mean_wind_direction": 216.84359625199923,
      "n_samples": 640,
      "upwind_mean": 0.2542281150817871,
      "downwind_mean": 0.24166126549243927,
      "ratio": 1.052001953125,
      "reference_turbine": 2,
      "most_downwind": 0
    },
    "3": {
      "label": "270\u00b0-360\u00b0 (NW)",
      "mean_wind_direction": 306.9752696204494,
      "n_samples": 960,
      "upwind_mean": 0.253422349691391,
      "downwind_mean": 0.24269999563694,
      "ratio": 1.0441794395446777,
      "reference_turbine": 3,
      "most_downwind": 2
    }
  },
  "head_analysis": {
    "0": {
      "focus_turbine": 2,
      "focus_score": 0.2514040172100067,
      "nn_preference": 1.0028576432206422,
      "uniformity": 0.999974807289484
    },
    "1": {
      "focus_turbine": 3,
      "focus_score": 0.2587435841560364,
      "nn_preference": 1.000213841751773,
      "uniformity": 0.9996593051164762
    },
    "2": {
      "focus_turbine": 3,
      "focus_score": 0.301473468542099,
      "nn_preference": 1.0091835344184887,
      "uniformity": 0.994672668154709
    },
    "3": {
      "focus_turbine": 2,
      "focus_score": 0.25307101011276245,
      "nn_preference": 1.0031682671625366,
      "uniformity": 0.9999538254060787
    }
  },
  "rotation_analysis": {
    "pct_matches_downwind": 0.0,
    "pct_matches_upwind": 0.0
  }
}